"시점","항목","범죄별(1)","범죄별(2)",자치구별(1),자치구별(2),데이터
"2018","발생","합계","살인",합계,종로구,6
"2018","발생","합계","살인",합계,중구,2
"2018","발생","합계","살인",합계,용산구,1
"2018","발생","합계","살인",합계,성동구,2
"2018","발생","합계","살인",합계,광진구,7
"2018","발생","합계","살인",합계,동대문구,2
"2018","발생","합계","살인",합계,중랑구,4
"2018","발생","합계","살인",합계,성북구,7
"2018","발생","합계","살인",합계,강북구,8
"2018","발생","합계","살인",합계,도봉구,1
"2018","발생","합계","살인",합계,노원구,5
"2018","발생","합계","살인",합계,은평구,8
"2018","발생","합계","살인",합계,서대문구,5
"2018","발생","합계","살인",합계,마포구,6
"2018","발생","합계","살인",합계,양천구,2
"2018","발생","합계","살인",합계,강서구,11
"2018","발생","합계","살인",합계,구로구,8
"2018","발생","합계","살인",합계,금천구,6
"2018","발생","합계","살인",합계,영등포구,17
"2018","발생","합계","살인",합계,동작구,3
"2018","발생","합계","살인",합계,관악구,9
"2018","발생","합계","살인",합계,서초구,5
"2018","발생","합계","살인",합계,강남구,10
"2018","발생","합계","살인",합계,송파구,5
"2018","발생","합계","살인",합계,강동구,3
"2018","발생","합계","강도",합계,종로구,3
"2018","발생","합계","강도",합계,중구,11
"2018","발생","합계","강도",합계,용산구,3
"2018","발생","합계","강도",합계,성동구,5
"2018","발생","합계","강도",합계,광진구,2
"2018","발생","합계","강도",합계,동대문구,5
"2018","발생","합계","강도",합계,중랑구,3
"2018","발생","합계","강도",합계,성북구,1
"2018","발생","합계","강도",합계,강북구,7
"2018","발생","합계","강도",합계,도봉구,5
"2018","발생","합계","강도",합계,노원구,5
"2018","발생","합계","강도",합계,은평구,1
"2018","발생","합계","강도",합계,서대문구,3
"2018","발생","합계","강도",합계,마포구,6
"2018","발생","합계","강도",합계,양천구,4
"2018","발생","합계","강도",합계,강서구,6
"2018","발생","합계","강도",합계,구로구,9
"2018","발생","합계","강도",합계,금천구,7
"2018","발생","합계","강도",합계,영등포구,8
"2018","발생","합계","강도",합계,동작구,7
"2018","발생","합계","강도",합계,관악구,10
"2018","발생","합계","강도",합계,서초구,5
"2018","발생","합계","강도",합계,강남구,14
"2018","발생","합계","강도",합계,송파구,6
"2018","발생","합계","강도",합계,강동구,7
"2018","발생","합계","강간·강제추행",합계,종로구,236
"2018","발생","합계","강간·강제추행",합계,중구,207
"2018","발생","합계","강간·강제추행",합계,용산구,331
"2018","발생","합계","강간·강제추행",합계,성동구,126
"2018","발생","합계","강간·강제추행",합계,광진구,229
"2018","발생","합계","강간·강제추행",합계,동대문구,145
"2018","발생","합계","강간·강제추행",합계,중랑구,174
"2018","발생","합계","강간·강제추행",합계,성북구,183
"2018","발생","합계","강간·강제추행",합계,강북구,188
"2018","발생","합계","강간·강제추행",합계,도봉구,113
"2018","발생","합계","강간·강제추행",합계,노원구,194
"2018","발생","합계","강간·강제추행",합계,은평구,188
"2018","발생","합계","강간·강제추행",합계,서대문구,206
"2018","발생","합계","강간·강제추행",합계,마포구,473
"2018","발생","합계","강간·강제추행",합계,양천구,120
"2018","발생","합계","강간·강제추행",합계,강서구,269
"2018","발생","합계","강간·강제추행",합계,구로구,250
"2018","발생","합계","강간·강제추행",합계,금천구,200
"2018","발생","합계","강간·강제추행",합계,영등포구,391
"2018","발생","합계","강간·강제추행",합계,동작구,288
"2018","발생","합계","강간·강제추행",합계,관악구,352
"2018","발생","합계","강간·강제추행",합계,서초구,470
"2018","발생","합계","강간·강제추행",합계,강남구,600
"2018","발생","합계","강간·강제추행",합계,송파구,309
"2018","발생","합계","강간·강제추행",합계,강동구,170
"2018","발생","합계","절도",합계,종로구,1483
"2018","발생","합계","절도",합계,중구,1855
"2018","발생","합계","절도",합계,용산구,1096
"2018","발생","합계","절도",합계,성동구,999
"2018","발생","합계","절도",합계,광진구,1769
"2018","발생","합계","절도",합계,동대문구,1447
"2018","발생","합계","절도",합계,중랑구,1526
"2018","발생","합계","절도",합계,성북구,1164
"2018","발생","합계","절도",합계,강북구,1112
"2018","발생","합계","절도",합계,도봉구,781
"2018","발생","합계","절도",합계,노원구,1422
"2018","발생","합계","절도",합계,은평구,1278
"2018","발생","합계","절도",합계,서대문구,1062
"2018","발생","합계","절도",합계,마포구,2011
"2018","발생","합계","절도",합계,양천구,1384
"2018","발생","합계","절도",합계,강서구,1724
"2018","발생","합계","절도",합계,구로구,1717
"2018","발생","합계","절도",합계,금천구,1168
"2018","발생","합계","절도",합계,영등포구,2292
"2018","발생","합계","절도",합계,동작구,1151
"2018","발생","합계","절도",합계,관악구,2012
"2018","발생","합계","절도",합계,서초구,1851
"2018","발생","합계","절도",합계,강남구,3004
"2018","발생","합계","절도",합계,송파구,2352
"2018","발생","합계","절도",합계,강동구,1515
"2018","발생","합계","폭력",합계,종로구,1962
"2018","발생","합계","폭력",합계,중구,1955
"2018","발생","합계","폭력",합계,용산구,1980
"2018","발생","합계","폭력",합계,성동구,1325
"2018","발생","합계","폭력",합계,광진구,1908
"2018","발생","합계","폭력",합계,동대문구,2081
"2018","발생","합계","폭력",합계,중랑구,2581
"2018","발생","합계","폭력",합계,성북구,1687
"2018","발생","합계","폭력",합계,강북구,2122
"2018","발생","합계","폭력",합계,도봉구,1349
"2018","발생","합계","폭력",합계,노원구,2381
"2018","발생","합계","폭력",합계,은평구,2115
"2018","발생","합계","폭력",합계,서대문구,1526
"2018","발생","합계","폭력",합계,마포구,2676
"2018","발생","합계","폭력",합계,양천구,2005
"2018","발생","합계","폭력",합계,강서구,2619
"2018","발생","합계","폭력",합계,구로구,2826
"2018","발생","합계","폭력",합계,금천구,1912
"2018","발생","합계","폭력",합계,영등포구,3132
"2018","발생","합계","폭력",합계,동작구,1651
"2018","발생","합계","폭력",합계,관악구,2643
"2018","발생","합계","폭력",합계,서초구,2395
"2018","발생","합계","폭력",합계,강남구,3885
"2018","발생","합계","폭력",합계,송파구,3135
"2018","발생","합계","폭력",합계,강동구,2224
"2018","검거","합계","살인",합계,종로구,7
"2018","검거","합계","살인",합계,중구,2
"2018","검거","합계","살인",합계,용산구,1
"2018","검거","합계","살인",합계,성동구,2
"2018","검거","합계","살인",합계,광진구,5
"2018","검거","합계","살인",합계,동대문구,2
"2018","검거","합계","살인",합계,중랑구,5
"2018","검거","합계","살인",합계,성북구,6
"2018","검거","합계","살인",합계,강북구,6
"2018","검거","합계","살인",합계,도봉구,1
"2018","검거","합계","살인",합계,노원구,4
"2018","검거","합계","살인",합계,은평구,8
"2018","검거","합계","살인",합계,서대문구,4
"2018","검거","합계","살인",합계,마포구,6
"2018","검거","합계","살인",합계,양천구,3
"2018","검거","합계","살인",합계,강서구,9
"2018","검거","합계","살인",합계,구로구,8
"2018","검거","합계","살인",합계,금천구,6
"2018","검거","합계","살인",합계,영등포구,15
"2018","검거","합계","살인",합계,동작구,3
"2018","검거","합계","살인",합계,관악구,9
"2018","검거","합계","살인",합계,서초구,5
"2018","검거","합계","살인",합계,강남구,13
"2018","검거","합계","살인",합계,송파구,6
"2018","검거","합계","살인",합계,강동구,3
"2018","검거","합계","강도",합계,종로구,7
"2018","검거","합계","강도",합계,중구,11
"2018","검거","합계","강도",합계,용산구,2
"2018","검거","합계","강도",합계,성동구,8
"2018","검거","합계","강도",합계,광진구,1
"2018","검거","합계","강도",합계,동대문구,4
"2018","검거","합계","강도",합계,중랑구,3
"2018","검거","합계","강도",합계,성북구,2
"2018","검거","합계","강도",합계,강북구,7
"2018","검거","합계","강도",합계,도봉구,3
"2018","검거","합계","강도",합계,노원구,5
"2018","검거","합계","강도",합계,은평구,1
"2018","검거","합계","강도",합계,서대문구,3
"2018","검거","합계","강도",합계,마포구,7
"2018","검거","합계","강도",합계,양천구,14
"2018","검거","합계","강도",합계,강서구,3
"2018","검거","합계","강도",합계,구로구,9
"2018","검거","합계","강도",합계,금천구,6
"2018","검거","합계","강도",합계,영등포구,6
"2018","검거","합계","강도",합계,동작구,7
"2018","검거","합계","강도",합계,관악구,12
"2018","검거","합계","강도",합계,서초구,5
"2018","검거","합계","강도",합계,강남구,10
"2018","검거","합계","강도",합계,송파구,8
"2018","검거","합계","강도",합계,강동구,7
"2018","검거","합계","강간·강제추행",합계,종로구,1100
"2018","검거","합계","강간·강제추행",합계,중구,115
"2018","검거","합계","강간·강제추행",합계,용산구,285
"2018","검거","합계","강간·강제추행",합계,성동구,102
"2018","검거","합계","강간·강제추행",합계,광진구,184
"2018","검거","합계","강간·강제추행",합계,동대문구,112
"2018","검거","합계","강간·강제추행",합계,중랑구,145
"2018","검거","합계","강간·강제추행",합계,성북구,140
"2018","검거","합계","강간·강제추행",합계,강북구,135
"2018","검거","합계","강간·강제추행",합계,도봉구,117
"2018","검거","합계","강간·강제추행",합계,노원구,173
"2018","검거","합계","강간·강제추행",합계,은평구,169
"2018","검거","합계","강간·강제추행",합계,서대문구,189
"2018","검거","합계","강간·강제추행",합계,마포구,396
"2018","검거","합계","강간·강제추행",합계,양천구,111
"2018","검거","합계","강간·강제추행",합계,강서구,246
"2018","검거","합계","강간·강제추행",합계,구로구,181
"2018","검거","합계","강간·강제추행",합계,금천구,185
"2018","검거","합계","강간·강제추행",합계,영등포구,267
"2018","검거","합계","강간·강제추행",합계,동작구,154
"2018","검거","합계","강간·강제추행",합계,관악구,305
"2018","검거","합계","강간·강제추행",합계,서초구,315
"2018","검거","합계","강간·강제추행",합계,강남구,523
"2018","검거","합계","강간·강제추행",합계,송파구,254
"2018","검거","합계","강간·강제추행",합계,강동구,143
"2018","검거","합계","절도",합계,종로구,969
"2018","검거","합계","절도",합계,중구,832
"2018","검거","합계","절도",합계,용산구,522
"2018","검거","합계","절도",합계,성동구,487
"2018","검거","합계","절도",합계,광진구,974
"2018","검거","합계","절도",합계,동대문구,930
"2018","검거","합계","절도",합계,중랑구,876
"2018","검거","합계","절도",합계,성북구,635
"2018","검거","합계","절도",합계,강북구,603
"2018","검거","합계","절도",합계,도봉구,431
"2018","검거","합계","절도",합계,노원구,585
"2018","검거","합계","절도",합계,은평구,816
"2018","검거","합계","절도",합계,서대문구,585
"2018","검거","합계","절도",합계,마포구,882
"2018","검거","합계","절도",합계,양천구,646
"2018","검거","합계","절도",합계,강서구,982
"2018","검거","합계","절도",합계,구로구,787
"2018","검거","합계","절도",합계,금천구,645
"2018","검거","합계","절도",합계,영등포구,1064
"2018","검거","합계","절도",합계,동작구,532
"2018","검거","합계","절도",합계,관악구,1025
"2018","검거","합계","절도",합계,서초구,838
"2018","검거","합계","절도",합계,강남구,1317
"2018","검거","합계","절도",합계,송파구,1034
"2018","검거","합계","절도",합계,강동구,765
"2018","검거","합계","폭력",합계,종로구,1830
"2018","검거","합계","폭력",합계,중구,1719
"2018","검거","합계","폭력",합계,용산구,1733
"2018","검거","합계","폭력",합계,성동구,1188
"2018","검거","합계","폭력",합계,광진구,1625
"2018","검거","합계","폭력",합계,동대문구,1920
"2018","검거","합계","폭력",합계,중랑구,2193
"2018","검거","합계","폭력",합계,성북구,1494
"2018","검거","합계","폭력",합계,강북구,1992
"2018","검거","합계","폭력",합계,도봉구,1124
"2018","검거","합계","폭력",합계,노원구,1958
"2018","검거","합계","폭력",합계,은평구,1869
"2018","검거","합계","폭력",합계,서대문구,1235
"2018","검거","합계","폭력",합계,마포구,2278
"2018","검거","합계","폭력",합계,양천구,1685
"2018","검거","합계","폭력",합계,강서구,2229
"2018","검거","합계","폭력",합계,구로구,2353
"2018","검거","합계","폭력",합계,금천구,1725
"2018","검거","합계","폭력",합계,영등포구,2570
"2018","검거","합계","폭력",합계,동작구,1394
"2018","검거","합계","폭력",합계,관악구,2302
"2018","검거","합계","폭력",합계,서초구,2020
"2018","검거","합계","폭력",합계,강남구,3333
"2018","검거","합계","폭력",합계,송파구,2749
"2018","검거","합계","폭력",합계,강동구,1871
"2019","발생","합계","살인",합계,종로구,4
"2019","발생","합계","살인",합계,중구,2
"2019","발생","합계","살인",합계,용산구,3
"2019","발생","합계","살인",합계,성동구,6
"2019","발생","합계","살인",합계,광진구,4
"2019","발생","합계","살인",합계,동대문구,6
"2019","발생","합계","살인",합계,중랑구,10
"2019","발생","합계","살인",합계,성북구,3
"2019","발생","합계","살인",합계,강북구,6
"2019","발생","합계","살인",합계,도봉구,1
"2019","발생","합계","살인",합계,노원구,4
"2019","발생","합계","살인",합계,은평구,3
"2019","발생","합계","살인",합계,서대문구,2
"2019","발생","합계","살인",합계,마포구,2
"2019","발생","합계","살인",합계,양천구,6
"2019","발생","합계","살인",합계,강서구,8
"2019","발생","합계","살인",합계,구로구,10
"2019","발생","합계","살인",합계,금천구,6
"2019","발생","합계","살인",합계,영등포구,10
"2019","발생","합계","살인",합계,동작구,4
"2019","발생","합계","살인",합계,관악구,13
"2019","발생","합계","살인",합계,서초구,5
"2019","발생","합계","살인",합계,강남구,5
"2019","발생","합계","살인",합계,송파구,7
"2019","발생","합계","살인",합계,강동구,6
"2019","발생","합계","강도",합계,종로구,7
"2019","발생","합계","강도",합계,중구,6
"2019","발생","합계","강도",합계,용산구,3
"2019","발생","합계","강도",합계,성동구,9
"2019","발생","합계","강도",합계,광진구,6
"2019","발생","합계","강도",합계,동대문구,10
"2019","발생","합계","강도",합계,중랑구,4
"2019","발생","합계","강도",합계,성북구,3
"2019","발생","합계","강도",합계,강북구,3
"2019","발생","합계","강도",합계,도봉구,5
"2019","발생","합계","강도",합계,노원구,3
"2019","발생","합계","강도",합계,은평구,1
"2019","발생","합계","강도",합계,서대문구,5
"2019","발생","합계","강도",합계,마포구,2
"2019","발생","합계","강도",합계,양천구,2
"2019","발생","합계","강도",합계,강서구,3
"2019","발생","합계","강도",합계,구로구,3
"2019","발생","합계","강도",합계,금천구,10
"2019","발생","합계","강도",합계,영등포구,3
"2019","발생","합계","강도",합계,동작구,1
"2019","발생","합계","강도",합계,관악구,10
"2019","발생","합계","강도",합계,서초구,7
"2019","발생","합계","강도",합계,강남구,5
"2019","발생","합계","강도",합계,송파구,10
"2019","발생","합계","강도",합계,강동구,15
"2019","발생","합계","강간·강제추행",합계,종로구,238
"2019","발생","합계","강간·강제추행",합계,중구,195
"2019","발생","합계","강간·강제추행",합계,용산구,272
"2019","발생","합계","강간·강제추행",합계,성동구,133
"2019","발생","합계","강간·강제추행",합계,광진구,273
"2019","발생","합계","강간·강제추행",합계,동대문구,168
"2019","발생","합계","강간·강제추행",합계,중랑구,138
"2019","발생","합계","강간·강제추행",합계,성북구,176
"2019","발생","합계","강간·강제추행",합계,강북구,176
"2019","발생","합계","강간·강제추행",합계,도봉구,90
"2019","발생","합계","강간·강제추행",합계,노원구,184
"2019","발생","합계","강간·강제추행",합계,은평구,194
"2019","발생","합계","강간·강제추행",합계,서대문구,175
"2019","발생","합계","강간·강제추행",합계,마포구,495
"2019","발생","합계","강간·강제추행",합계,양천구,127
"2019","발생","합계","강간·강제추행",합계,강서구,306
"2019","발생","합계","강간·강제추행",합계,구로구,226
"2019","발생","합계","강간·강제추행",합계,금천구,153
"2019","발생","합계","강간·강제추행",합계,영등포구,356
"2019","발생","합계","강간·강제추행",합계,동작구,251
"2019","발생","합계","강간·강제추행",합계,관악구,408
"2019","발생","합계","강간·강제추행",합계,서초구,616
"2019","발생","합계","강간·강제추행",합계,강남구,666
"2019","발생","합계","강간·강제추행",합계,송파구,273
"2019","발생","합계","강간·강제추행",합계,강동구,180
"2019","발생","합계","절도",합계,종로구,1515
"2019","발생","합계","절도",합계,중구,2202
"2019","발생","합계","절도",합계,용산구,999
"2019","발생","합계","절도",합계,성동구,970
"2019","발생","합계","절도",합계,광진구,1875
"2019","발생","합계","절도",합계,동대문구,1531
"2019","발생","합계","절도",합계,중랑구,1666
"2019","발생","합계","절도",합계,성북구,1082
"2019","발생","합계","절도",합계,강북구,1229
"2019","발생","합계","절도",합계,도봉구,790
"2019","발생","합계","절도",합계,노원구,1498
"2019","발생","합계","절도",합계,은평구,1565
"2019","발생","합계","절도",합계,서대문구,1226
"2019","발생","합계","절도",합계,마포구,2190
"2019","발생","합계","절도",합계,양천구,1477
"2019","발생","합계","절도",합계,강서구,2050
"2019","발생","합계","절도",합계,구로구,1916
"2019","발생","합계","절도",합계,금천구,1157
"2019","발생","합계","절도",합계,영등포구,2409
"2019","발생","합계","절도",합계,동작구,1328
"2019","발생","합계","절도",합계,관악구,2223
"2019","발생","합계","절도",합계,서초구,2270
"2019","발생","합계","절도",합계,강남구,2970
"2019","발생","합계","절도",합계,송파구,2416
"2019","발생","합계","절도",합계,강동구,1650
"2019","발생","합계","폭력",합계,종로구,2082
"2019","발생","합계","폭력",합계,중구,1922
"2019","발생","합계","폭력",합계,용산구,2036
"2019","발생","합계","폭력",합계,성동구,1394
"2019","발생","합계","폭력",합계,광진구,1853
"2019","발생","합계","폭력",합계,동대문구,1977
"2019","발생","합계","폭력",합계,중랑구,2450
"2019","발생","합계","폭력",합계,성북구,1613
"2019","발생","합계","폭력",합계,강북구,2424
"2019","발생","합계","폭력",합계,도봉구,1224
"2019","발생","합계","폭력",합계,노원구,2464
"2019","발생","합계","폭력",합계,은평구,2117
"2019","발생","합계","폭력",합계,서대문구,1535
"2019","발생","합계","폭력",합계,마포구,2153
"2019","발생","합계","폭력",합계,양천구,1602
"2019","발생","합계","폭력",합계,강서구,2557
"2019","발생","합계","폭력",합계,구로구,2552
"2019","발생","합계","폭력",합계,금천구,1779
"2019","발생","합계","폭력",합계,영등포구,3042
"2019","발생","합계","폭력",합계,동작구,1816
"2019","발생","합계","폭력",합계,관악구,2674
"2019","발생","합계","폭력",합계,서초구,2644
"2019","발생","합계","폭력",합계,강남구,3658
"2019","발생","합계","폭력",합계,송파구,2992
"2019","발생","합계","폭력",합계,강동구,2163
"2019","검거","합계","살인",합계,종로구,5
"2019","검거","합계","살인",합계,중구,1
"2019","검거","합계","살인",합계,용산구,3
"2019","검거","합계","살인",합계,성동구,5
"2019","검거","합계","살인",합계,광진구,5
"2019","검거","합계","살인",합계,동대문구,6
"2019","검거","합계","살인",합계,중랑구,10
"2019","검거","합계","살인",합계,성북구,3
"2019","검거","합계","살인",합계,강북구,6
"2019","검거","합계","살인",합계,도봉구,1
"2019","검거","합계","살인",합계,노원구,4
"2019","검거","합계","살인",합계,은평구,3
"2019","검거","합계","살인",합계,서대문구,1
"2019","검거","합계","살인",합계,마포구,2
"2019","검거","합계","살인",합계,양천구,6
"2019","검거","합계","살인",합계,강서구,9
"2019","검거","합계","살인",합계,구로구,9
"2019","검거","합계","살인",합계,금천구,6
"2019","검거","합계","살인",합계,영등포구,10
"2019","검거","합계","살인",합계,동작구,2
"2019","검거","합계","살인",합계,관악구,10
"2019","검거","합계","살인",합계,서초구,5
"2019","검거","합계","살인",합계,강남구,3
"2019","검거","합계","살인",합계,송파구,8
"2019","검거","합계","살인",합계,강동구,5
"2019","검거","합계","강도",합계,종로구,8
"2019","검거","합계","강도",합계,중구,5
"2019","검거","합계","강도",합계,용산구,4
"2019","검거","합계","강도",합계,성동구,10
"2019","검거","합계","강도",합계,광진구,5
"2019","검거","합계","강도",합계,동대문구,9
"2019","검거","합계","강도",합계,중랑구,5
"2019","검거","합계","강도",합계,성북구,3
"2019","검거","합계","강도",합계,강북구,2
"2019","검거","합계","강도",합계,도봉구,5
"2019","검거","합계","강도",합계,노원구,3
"2019","검거","합계","강도",합계,은평구,1
"2019","검거","합계","강도",합계,서대문구,5
"2019","검거","합계","강도",합계,마포구,2
"2019","검거","합계","강도",합계,양천구,2
"2019","검거","합계","강도",합계,강서구,4
"2019","검거","합계","강도",합계,구로구,4
"2019","검거","합계","강도",합계,금천구,6
"2019","검거","합계","강도",합계,영등포구,3
"2019","검거","합계","강도",합계,동작구,1
"2019","검거","합계","강도",합계,관악구,11
"2019","검거","합계","강도",합계,서초구,5
"2019","검거","합계","강도",합계,강남구,6
"2019","검거","합계","강도",합계,송파구,10
"2019","검거","합계","강도",합계,강동구,14
"2019","검거","합계","강간·강제추행",합계,종로구,1143
"2019","검거","합계","강간·강제추행",합계,중구,115
"2019","검거","합계","강간·강제추행",합계,용산구,237
"2019","검거","합계","강간·강제추행",합계,성동구,96
"2019","검거","합계","강간·강제추행",합계,광진구,213
"2019","검거","합계","강간·강제추행",합계,동대문구,143
"2019","검거","합계","강간·강제추행",합계,중랑구,108
"2019","검거","합계","강간·강제추행",합계,성북구,130
"2019","검거","합계","강간·강제추행",합계,강북구,145
"2019","검거","합계","강간·강제추행",합계,도봉구,83
"2019","검거","합계","강간·강제추행",합계,노원구,158
"2019","검거","합계","강간·강제추행",합계,은평구,162
"2019","검거","합계","강간·강제추행",합계,서대문구,154
"2019","검거","합계","강간·강제추행",합계,마포구,417
"2019","검거","합계","강간·강제추행",합계,양천구,112
"2019","검거","합계","강간·강제추행",합계,강서구,257
"2019","검거","합계","강간·강제추행",합계,구로구,165
"2019","검거","합계","강간·강제추행",합계,금천구,126
"2019","검거","합계","강간·강제추행",합계,영등포구,239
"2019","검거","합계","강간·강제추행",합계,동작구,110
"2019","검거","합계","강간·강제추행",합계,관악구,335
"2019","검거","합계","강간·강제추행",합계,서초구,412
"2019","검거","합계","강간·강제추행",합계,강남구,562
"2019","검거","합계","강간·강제추행",합계,송파구,230
"2019","검거","합계","강간·강제추행",합계,강동구,155
"2019","검거","합계","절도",합계,종로구,1069
"2019","검거","합계","절도",합계,중구,1050
"2019","검거","합계","절도",합계,용산구,544
"2019","검거","합계","절도",합계,성동구,511
"2019","검거","합계","절도",합계,광진구,1008
"2019","검거","합계","절도",합계,동대문구,827
"2019","검거","합계","절도",합계,중랑구,908
"2019","검거","합계","절도",합계,성북구,731
"2019","검거","합계","절도",합계,강북구,664
"2019","검거","합계","절도",합계,도봉구,394
"2019","검거","합계","절도",합계,노원구,681
"2019","검거","합계","절도",합계,은평구,977
"2019","검거","합계","절도",합계,서대문구,600
"2019","검거","합계","절도",합계,마포구,917
"2019","검거","합계","절도",합계,양천구,634
"2019","검거","합계","절도",합계,강서구,1077
"2019","검거","합계","절도",합계,구로구,965
"2019","검거","합계","절도",합계,금천구,615
"2019","검거","합계","절도",합계,영등포구,1068
"2019","검거","합계","절도",합계,동작구,579
"2019","검거","합계","절도",합계,관악구,1085
"2019","검거","합계","절도",합계,서초구,1118
"2019","검거","합계","절도",합계,강남구,1339
"2019","검거","합계","절도",합계,송파구,1016
"2019","검거","합계","절도",합계,강동구,907
"2019","검거","합계","폭력",합계,종로구,1892
"2019","검거","합계","폭력",합계,중구,1633
"2019","검거","합계","폭력",합계,용산구,1823
"2019","검거","합계","폭력",합계,성동구,1216
"2019","검거","합계","폭력",합계,광진구,1585
"2019","검거","합계","폭력",합계,동대문구,1833
"2019","검거","합계","폭력",합계,중랑구,2107
"2019","검거","합계","폭력",합계,성북구,1456
"2019","검거","합계","폭력",합계,강북구,2206
"2019","검거","합계","폭력",합계,도봉구,1014
"2019","검거","합계","폭력",합계,노원구,2118
"2019","검거","합계","폭력",합계,은평구,1857
"2019","검거","합계","폭력",합계,서대문구,1260
"2019","검거","합계","폭력",합계,마포구,1832
"2019","검거","합계","폭력",합계,양천구,1370
"2019","검거","합계","폭력",합계,강서구,2196
"2019","검거","합계","폭력",합계,구로구,2148
"2019","검거","합계","폭력",합계,금천구,1590
"2019","검거","합계","폭력",합계,영등포구,2467
"2019","검거","합계","폭력",합계,동작구,1503
"2019","검거","합계","폭력",합계,관악구,2369
"2019","검거","합계","폭력",합계,서초구,2210
"2019","검거","합계","폭력",합계,강남구,3159
"2019","검거","합계","폭력",합계,송파구,2535
"2019","검거","합계","폭력",합계,강동구,1874
"2020","발생","합계","살인",합계,종로구,9
"2020","발생","합계","살인",합계,중구,2
"2020","발생","합계","살인",합계,용산구,5
"2020","발생","합계","살인",합계,성동구,5
"2020","발생","합계","살인",합계,광진구,2
"2020","발생","합계","살인",합계,동대문구,10
"2020","발생","합계","살인",합계,중랑구,10
"2020","발생","합계","살인",합계,성북구,4
"2020","발생","합계","살인",합계,강북구,9
"2020","발생","합계","살인",합계,도봉구,-
"2020","발생","합계","살인",합계,노원구,4
"2020","발생","합계","살인",합계,은평구,4
"2020","발생","합계","살인",합계,서대문구,3
"2020","발생","합계","살인",합계,마포구,9
"2020","발생","합계","살인",합계,양천구,5
"2020","발생","합계","살인",합계,강서구,10
"2020","발생","합계","살인",합계,구로구,6
"2020","발생","합계","살인",합계,금천구,4
"2020","발생","합계","살인",합계,영등포구,7
"2020","발생","합계","살인",합계,동작구,1
"2020","발생","합계","살인",합계,관악구,12
"2020","발생","합계","살인",합계,서초구,5
"2020","발생","합계","살인",합계,강남구,6
"2020","발생","합계","살인",합계,송파구,6
"2020","발생","합계","살인",합계,강동구,3
"2020","발생","합계","강도",합계,종로구,7
"2020","발생","합계","강도",합계,중구,5
"2020","발생","합계","강도",합계,용산구,6
"2020","발생","합계","강도",합계,성동구,3
"2020","발생","합계","강도",합계,광진구,4
"2020","발생","합계","강도",합계,동대문구,6
"2020","발생","합계","강도",합계,중랑구,5
"2020","발생","합계","강도",합계,성북구,3
"2020","발생","합계","강도",합계,강북구,5
"2020","발생","합계","강도",합계,도봉구,2
"2020","발생","합계","강도",합계,노원구,3
"2020","발생","합계","강도",합계,은평구,4
"2020","발생","합계","강도",합계,서대문구,2
"2020","발생","합계","강도",합계,마포구,4
"2020","발생","합계","강도",합계,양천구,3
"2020","발생","합계","강도",합계,강서구,6
"2020","발생","합계","강도",합계,구로구,5
"2020","발생","합계","강도",합계,금천구,7
"2020","발생","합계","강도",합계,영등포구,6
"2020","발생","합계","강도",합계,동작구,1
"2020","발생","합계","강도",합계,관악구,3
"2020","발생","합계","강도",합계,서초구,6
"2020","발생","합계","강도",합계,강남구,14
"2020","발생","합계","강도",합계,송파구,13
"2020","발생","합계","강도",합계,강동구,15
"2020","발생","합계","강간·강제추행",합계,종로구,192
"2020","발생","합계","강간·강제추행",합계,중구,186
"2020","발생","합계","강간·강제추행",합계,용산구,230
"2020","발생","합계","강간·강제추행",합계,성동구,115
"2020","발생","합계","강간·강제추행",합계,광진구,255
"2020","발생","합계","강간·강제추행",합계,동대문구,161
"2020","발생","합계","강간·강제추행",합계,중랑구,183
"2020","발생","합계","강간·강제추행",합계,성북구,142
"2020","발생","합계","강간·강제추행",합계,강북구,159
"2020","발생","합계","강간·강제추행",합계,도봉구,82
"2020","발생","합계","강간·강제추행",합계,노원구,169
"2020","발생","합계","강간·강제추행",합계,은평구,171
"2020","발생","합계","강간·강제추행",합계,서대문구,159
"2020","발생","합계","강간·강제추행",합계,마포구,348
"2020","발생","합계","강간·강제추행",합계,양천구,109
"2020","발생","합계","강간·강제추행",합계,강서구,265
"2020","발생","합계","강간·강제추행",합계,구로구,197
"2020","발생","합계","강간·강제추행",합계,금천구,117
"2020","발생","합계","강간·강제추행",합계,영등포구,315
"2020","발생","합계","강간·강제추행",합계,동작구,226
"2020","발생","합계","강간·강제추행",합계,관악구,403
"2020","발생","합계","강간·강제추행",합계,서초구,396
"2020","발생","합계","강간·강제추행",합계,강남구,708
"2020","발생","합계","강간·강제추행",합계,송파구,287
"2020","발생","합계","강간·강제추행",합계,강동구,188
"2020","발생","합계","절도",합계,종로구,1183
"2020","발생","합계","절도",합계,중구,1642
"2020","발생","합계","절도",합계,용산구,1111
"2020","발생","합계","절도",합계,성동구,1016
"2020","발생","합계","절도",합계,광진구,1664
"2020","발생","합계","절도",합계,동대문구,1440
"2020","발생","합계","절도",합계,중랑구,1506
"2020","발생","합계","절도",합계,성북구,988
"2020","발생","합계","절도",합계,강북구,780
"2020","발생","합계","절도",합계,도봉구,861
"2020","발생","합계","절도",합계,노원구,1404
"2020","발생","합계","절도",합계,은평구,1371
"2020","발생","합계","절도",합계,서대문구,1077
"2020","발생","합계","절도",합계,마포구,1483
"2020","발생","합계","절도",합계,양천구,1517
"2020","발생","합계","절도",합계,강서구,1689
"2020","발생","합계","절도",합계,구로구,1763
"2020","발생","합계","절도",합계,금천구,999
"2020","발생","합계","절도",합계,영등포구,2188
"2020","발생","합계","절도",합계,동작구,1341
"2020","발생","합계","절도",합계,관악구,2229
"2020","발생","합계","절도",합계,서초구,2021
"2020","발생","합계","절도",합계,강남구,2951
"2020","발생","합계","절도",합계,송파구,2429
"2020","발생","합계","절도",합계,강동구,1640
"2020","발생","합계","폭력",합계,종로구,1711
"2020","발생","합계","폭력",합계,중구,1576
"2020","발생","합계","폭력",합계,용산구,1617
"2020","발생","합계","폭력",합계,성동구,1223
"2020","발생","합계","폭력",합계,광진구,1676
"2020","발생","합계","폭력",합계,동대문구,1784
"2020","발생","합계","폭력",합계,중랑구,2022
"2020","발생","합계","폭력",합계,성북구,1430
"2020","발생","합계","폭력",합계,강북구,1817
"2020","발생","합계","폭력",합계,도봉구,1234
"2020","발생","합계","폭력",합계,노원구,2163
"2020","발생","합계","폭력",합계,은평구,1840
"2020","발생","합계","폭력",합계,서대문구,1292
"2020","발생","합계","폭력",합계,마포구,1844
"2020","발생","합계","폭력",합계,양천구,1582
"2020","발생","합계","폭력",합계,강서구,2445
"2020","발생","합계","폭력",합계,구로구,2204
"2020","발생","합계","폭력",합계,금천구,1471
"2020","발생","합계","폭력",합계,영등포구,2701
"2020","발생","합계","폭력",합계,동작구,1631
"2020","발생","합계","폭력",합계,관악구,2614
"2020","발생","합계","폭력",합계,서초구,2173
"2020","발생","합계","폭력",합계,강남구,3677
"2020","발생","합계","폭력",합계,송파구,2675
"2020","발생","합계","폭력",합계,강동구,1942
"2020","검거","합계","살인",합계,종로구,7
"2020","검거","합계","살인",합계,중구,2
"2020","검거","합계","살인",합계,용산구,3
"2020","검거","합계","살인",합계,성동구,5
"2020","검거","합계","살인",합계,광진구,2
"2020","검거","합계","살인",합계,동대문구,8
"2020","검거","합계","살인",합계,중랑구,9
"2020","검거","합계","살인",합계,성북구,4
"2020","검거","합계","살인",합계,강북구,8
"2020","검거","합계","살인",합계,도봉구,-
"2020","검거","합계","살인",합계,노원구,3
"2020","검거","합계","살인",합계,은평구,4
"2020","검거","합계","살인",합계,서대문구,3
"2020","검거","합계","살인",합계,마포구,8
"2020","검거","합계","살인",합계,양천구,5
"2020","검거","합계","살인",합계,강서구,9
"2020","검거","합계","살인",합계,구로구,6
"2020","검거","합계","살인",합계,금천구,4
"2020","검거","합계","살인",합계,영등포구,4
"2020","검거","합계","살인",합계,동작구,1
"2020","검거","합계","살인",합계,관악구,12
"2020","검거","합계","살인",합계,서초구,5
"2020","검거","합계","살인",합계,강남구,5
"2020","검거","합계","살인",합계,송파구,6
"2020","검거","합계","살인",합계,강동구,3
"2020","검거","합계","강도",합계,종로구,9
"2020","검거","합계","강도",합계,중구,6
"2020","검거","합계","강도",합계,용산구,6
"2020","검거","합계","강도",합계,성동구,3
"2020","검거","합계","강도",합계,광진구,4
"2020","검거","합계","강도",합계,동대문구,5
"2020","검거","합계","강도",합계,중랑구,6
"2020","검거","합계","강도",합계,성북구,2
"2020","검거","합계","강도",합계,강북구,4
"2020","검거","합계","강도",합계,도봉구,2
"2020","검거","합계","강도",합계,노원구,3
"2020","검거","합계","강도",합계,은평구,3
"2020","검거","합계","강도",합계,서대문구,1
"2020","검거","합계","강도",합계,마포구,3
"2020","검거","합계","강도",합계,양천구,3
"2020","검거","합계","강도",합계,강서구,5
"2020","검거","합계","강도",합계,구로구,5
"2020","검거","합계","강도",합계,금천구,6
"2020","검거","합계","강도",합계,영등포구,5
"2020","검거","합계","강도",합계,동작구,2
"2020","검거","합계","강도",합계,관악구,3
"2020","검거","합계","강도",합계,서초구,4
"2020","검거","합계","강도",합계,강남구,11
"2020","검거","합계","강도",합계,송파구,17
"2020","검거","합계","강도",합계,강동구,14
"2020","검거","합계","강간·강제추행",합계,종로구,855
"2020","검거","합계","강간·강제추행",합계,중구,128
"2020","검거","합계","강간·강제추행",합계,용산구,186
"2020","검거","합계","강간·강제추행",합계,성동구,98
"2020","검거","합계","강간·강제추행",합계,광진구,224
"2020","검거","합계","강간·강제추행",합계,동대문구,142
"2020","검거","합계","강간·강제추행",합계,중랑구,153
"2020","검거","합계","강간·강제추행",합계,성북구,121
"2020","검거","합계","강간·강제추행",합계,강북구,132
"2020","검거","합계","강간·강제추행",합계,도봉구,87
"2020","검거","합계","강간·강제추행",합계,노원구,148
"2020","검거","합계","강간·강제추행",합계,은평구,145
"2020","검거","합계","강간·강제추행",합계,서대문구,149
"2020","검거","합계","강간·강제추행",합계,마포구,287
"2020","검거","합계","강간·강제추행",합계,양천구,90
"2020","검거","합계","강간·강제추행",합계,강서구,222
"2020","검거","합계","강간·강제추행",합계,구로구,142
"2020","검거","합계","강간·강제추행",합계,금천구,93
"2020","검거","합계","강간·강제추행",합계,영등포구,252
"2020","검거","합계","강간·강제추행",합계,동작구,121
"2020","검거","합계","강간·강제추행",합계,관악구,351
"2020","검거","합계","강간·강제추행",합계,서초구,303
"2020","검거","합계","강간·강제추행",합계,강남구,627
"2020","검거","합계","강간·강제추행",합계,송파구,235
"2020","검거","합계","강간·강제추행",합계,강동구,167
"2020","검거","합계","절도",합계,종로구,944
"2020","검거","합계","절도",합계,중구,863
"2020","검거","합계","절도",합계,용산구,534
"2020","검거","합계","절도",합계,성동구,565
"2020","검거","합계","절도",합계,광진구,874
"2020","검거","합계","절도",합계,동대문구,713
"2020","검거","합계","절도",합계,중랑구,889
"2020","검거","합계","절도",합계,성북구,580
"2020","검거","합계","절도",합계,강북구,490
"2020","검거","합계","절도",합계,도봉구,379
"2020","검거","합계","절도",합계,노원구,646
"2020","검거","합계","절도",합계,은평구,756
"2020","검거","합계","절도",합계,서대문구,524
"2020","검거","합계","절도",합계,마포구,679
"2020","검거","합계","절도",합계,양천구,718
"2020","검거","합계","절도",합계,강서구,1070
"2020","검거","합계","절도",합계,구로구,1008
"2020","검거","합계","절도",합계,금천구,553
"2020","검거","합계","절도",합계,영등포구,953
"2020","검거","합계","절도",합계,동작구,592
"2020","검거","합계","절도",합계,관악구,1137
"2020","검거","합계","절도",합계,서초구,960
"2020","검거","합계","절도",합계,강남구,1491
"2020","검거","합계","절도",합계,송파구,1006
"2020","검거","합계","절도",합계,강동구,781
"2020","검거","합계","폭력",합계,종로구,1528
"2020","검거","합계","폭력",합계,중구,1324
"2020","검거","합계","폭력",합계,용산구,1327
"2020","검거","합계","폭력",합계,성동구,1103
"2020","검거","합계","폭력",합계,광진구,1407
"2020","검거","합계","폭력",합계,동대문구,1597
"2020","검거","합계","폭력",합계,중랑구,1724
"2020","검거","합계","폭력",합계,성북구,1240
"2020","검거","합계","폭력",합계,강북구,1625
"2020","검거","합계","폭력",합계,도봉구,1022
"2020","검거","합계","폭력",합계,노원구,1781
"2020","검거","합계","폭력",합계,은평구,1623
"2020","검거","합계","폭력",합계,서대문구,1029
"2020","검거","합계","폭력",합계,마포구,1557
"2020","검거","합계","폭력",합계,양천구,1270
"2020","검거","합계","폭력",합계,강서구,2087
"2020","검거","합계","폭력",합계,구로구,1823
"2020","검거","합계","폭력",합계,금천구,1310
"2020","검거","합계","폭력",합계,영등포구,2157
"2020","검거","합계","폭력",합계,동작구,1370
"2020","검거","합계","폭력",합계,관악구,2355
"2020","검거","합계","폭력",합계,서초구,1780
"2020","검거","합계","폭력",합계,강남구,3111
"2020","검거","합계","폭력",합계,송파구,2280
"2020","검거","합계","폭력",합계,강동구,1697
"2021","발생","합계","살인",합계,종로구,6
"2021","발생","합계","살인",합계,중구,6
"2021","발생","합계","살인",합계,용산구,3
"2021","발생","합계","살인",합계,성동구,3
"2021","발생","합계","살인",합계,광진구,5
"2021","발생","합계","살인",합계,동대문구,3
"2021","발생","합계","살인",합계,중랑구,4
"2021","발생","합계","살인",합계,성북구,4
"2021","발생","합계","살인",합계,강북구,4
"2021","발생","합계","살인",합계,도봉구,2
"2021","발생","합계","살인",합계,노원구,6
"2021","발생","합계","살인",합계,은평구,4
"2021","발생","합계","살인",합계,서대문구,3
"2021","발생","합계","살인",합계,마포구,4
"2021","발생","합계","살인",합계,양천구,1
"2021","발생","합계","살인",합계,강서구,9
"2021","발생","합계","살인",합계,구로구,5
"2021","발생","합계","살인",합계,금천구,7
"2021","발생","합계","살인",합계,영등포구,8
"2021","발생","합계","살인",합계,동작구,2
"2021","발생","합계","살인",합계,관악구,8
"2021","발생","합계","살인",합계,서초구,9
"2021","발생","합계","살인",합계,강남구,12
"2021","발생","합계","살인",합계,송파구,3
"2021","발생","합계","살인",합계,강동구,3
"2021","발생","합계","강도",합계,종로구,4
"2021","발생","합계","강도",합계,중구,6
"2021","발생","합계","강도",합계,용산구,1
"2021","발생","합계","강도",합계,성동구,4
"2021","발생","합계","강도",합계,광진구,4
"2021","발생","합계","강도",합계,동대문구,7
"2021","발생","합계","강도",합계,중랑구,6
"2021","발생","합계","강도",합계,성북구,2
"2021","발생","합계","강도",합계,강북구,1
"2021","발생","합계","강도",합계,도봉구,2
"2021","발생","합계","강도",합계,노원구,3
"2021","발생","합계","강도",합계,은평구,3
"2021","발생","합계","강도",합계,서대문구,2
"2021","발생","합계","강도",합계,마포구,4
"2021","발생","합계","강도",합계,양천구,3
"2021","발생","합계","강도",합계,강서구,3
"2021","발생","합계","강도",합계,구로구,2
"2021","발생","합계","강도",합계,금천구,3
"2021","발생","합계","강도",합계,영등포구,11
"2021","발생","합계","강도",합계,동작구,1
"2021","발생","합계","강도",합계,관악구,7
"2021","발생","합계","강도",합계,서초구,5
"2021","발생","합계","강도",합계,강남구,25
"2021","발생","합계","강도",합계,송파구,7
"2021","발생","합계","강도",합계,강동구,6
"2021","발생","합계","강간·강제추행",합계,종로구,156
"2021","발생","합계","강간·강제추행",합계,중구,161
"2021","발생","합계","강간·강제추행",합계,용산구,141
"2021","발생","합계","강간·강제추행",합계,성동구,110
"2021","발생","합계","강간·강제추행",합계,광진구,208
"2021","발생","합계","강간·강제추행",합계,동대문구,169
"2021","발생","합계","강간·강제추행",합계,중랑구,141
"2021","발생","합계","강간·강제추행",합계,성북구,118
"2021","발생","합계","강간·강제추행",합계,강북구,136
"2021","발생","합계","강간·강제추행",합계,도봉구,72
"2021","발생","합계","강간·강제추행",합계,노원구,156
"2021","발생","합계","강간·강제추행",합계,은평구,166
"2021","발생","합계","강간·강제추행",합계,서대문구,137
"2021","발생","합계","강간·강제추행",합계,마포구,321
"2021","발생","합계","강간·강제추행",합계,양천구,116
"2021","발생","합계","강간·강제추행",합계,강서구,246
"2021","발생","합계","강간·강제추행",합계,구로구,182
"2021","발생","합계","강간·강제추행",합계,금천구,134
"2021","발생","합계","강간·강제추행",합계,영등포구,279
"2021","발생","합계","강간·강제추행",합계,동작구,180
"2021","발생","합계","강간·강제추행",합계,관악구,321
"2021","발생","합계","강간·강제추행",합계,서초구,312
"2021","발생","합계","강간·강제추행",합계,강남구,578
"2021","발생","합계","강간·강제추행",합계,송파구,247
"2021","발생","합계","강간·강제추행",합계,강동구,124
"2021","발생","합계","절도",합계,종로구,1079
"2021","발생","합계","절도",합계,중구,1279
"2021","발생","합계","절도",합계,용산구,945
"2021","발생","합계","절도",합계,성동구,905
"2021","발생","합계","절도",합계,광진구,1414
"2021","발생","합계","절도",합계,동대문구,1240
"2021","발생","합계","절도",합계,중랑구,1399
"2021","발생","합계","절도",합계,성북구,895
"2021","발생","합계","절도",합계,강북구,777
"2021","발생","합계","절도",합계,도봉구,772
"2021","발생","합계","절도",합계,노원구,1361
"2021","발생","합계","절도",합계,은평구,1424
"2021","발생","합계","절도",합계,서대문구,1027
"2021","발생","합계","절도",합계,마포구,1510
"2021","발생","합계","절도",합계,양천구,1349
"2021","발생","합계","절도",합계,강서구,1540
"2021","발생","합계","절도",합계,구로구,1390
"2021","발생","합계","절도",합계,금천구,1013
"2021","발생","합계","절도",합계,영등포구,1712
"2021","발생","합계","절도",합계,동작구,1129
"2021","발생","합계","절도",합계,관악구,1860
"2021","발생","합계","절도",합계,서초구,1503
"2021","발생","합계","절도",합계,강남구,2372
"2021","발생","합계","절도",합계,송파구,2024
"2021","발생","합계","절도",합계,강동구,1612
"2021","발생","합계","폭력",합계,종로구,1467
"2021","발생","합계","폭력",합계,중구,1409
"2021","발생","합계","폭력",합계,용산구,1291
"2021","발생","합계","폭력",합계,성동구,1090
"2021","발생","합계","폭력",합계,광진구,1456
"2021","발생","합계","폭력",합계,동대문구,1540
"2021","발생","합계","폭력",합계,중랑구,1660
"2021","발생","합계","폭력",합계,성북구,1392
"2021","발생","합계","폭력",합계,강북구,1383
"2021","발생","합계","폭력",합계,도봉구,1012
"2021","발생","합계","폭력",합계,노원구,1899
"2021","발생","합계","폭력",합계,은평구,1647
"2021","발생","합계","폭력",합계,서대문구,1109
"2021","발생","합계","폭력",합계,마포구,1701
"2021","발생","합계","폭력",합계,양천구,1546
"2021","발생","합계","폭력",합계,강서구,2098
"2021","발생","합계","폭력",합계,구로구,1907
"2021","발생","합계","폭력",합계,금천구,1282
"2021","발생","합계","폭력",합계,영등포구,2169
"2021","발생","합계","폭력",합계,동작구,1319
"2021","발생","합계","폭력",합계,관악구,2248
"2021","발생","합계","폭력",합계,서초구,1827
"2021","발생","합계","폭력",합계,강남구,3159
"2021","발생","합계","폭력",합계,송파구,2433
"2021","발생","합계","폭력",합계,강동구,1713
"2021","검거","합계","살인",합계,종로구,3
"2021","검거","합계","살인",합계,중구,6
"2021","검거","합계","살인",합계,용산구,2
"2021","검거","합계","살인",합계,성동구,4
"2021","검거","합계","살인",합계,광진구,3
"2021","검거","합계","살인",합계,동대문구,4
"2021","검거","합계","살인",합계,중랑구,4
"2021","검거","합계","살인",합계,성북구,3
"2021","검거","합계","살인",합계,강북구,4
"2021","검거","합계","살인",합계,도봉구,2
"2021","검거","합계","살인",합계,노원구,6
"2021","검거","합계","살인",합계,은평구,5
"2021","검거","합계","살인",합계,서대문구,3
"2021","검거","합계","살인",합계,마포구,3
"2021","검거","합계","살인",합계,양천구,1
"2021","검거","합계","살인",합계,강서구,7
"2021","검거","합계","살인",합계,구로구,5
"2021","검거","합계","살인",합계,금천구,6
"2021","검거","합계","살인",합계,영등포구,8
"2021","검거","합계","살인",합계,동작구,3
"2021","검거","합계","살인",합계,관악구,4
"2021","검거","합계","살인",합계,서초구,9
"2021","검거","합계","살인",합계,강남구,11
"2021","검거","합계","살인",합계,송파구,3
"2021","검거","합계","살인",합계,강동구,3
"2021","검거","합계","강도",합계,종로구,4
"2021","검거","합계","강도",합계,중구,6
"2021","검거","합계","강도",합계,용산구,1
"2021","검거","합계","강도",합계,성동구,1
"2021","검거","합계","강도",합계,광진구,4
"2021","검거","합계","강도",합계,동대문구,8
"2021","검거","합계","강도",합계,중랑구,7
"2021","검거","합계","강도",합계,성북구,2
"2021","검거","합계","강도",합계,강북구,1
"2021","검거","합계","강도",합계,도봉구,1
"2021","검거","합계","강도",합계,노원구,3
"2021","검거","합계","강도",합계,은평구,3
"2021","검거","합계","강도",합계,서대문구,2
"2021","검거","합계","강도",합계,마포구,4
"2021","검거","합계","강도",합계,양천구,3
"2021","검거","합계","강도",합계,강서구,3
"2021","검거","합계","강도",합계,구로구,1
"2021","검거","합계","강도",합계,금천구,4
"2021","검거","합계","강도",합계,영등포구,11
"2021","검거","합계","강도",합계,동작구,1
"2021","검거","합계","강도",합계,관악구,6
"2021","검거","합계","강도",합계,서초구,5
"2021","검거","합계","강도",합계,강남구,23
"2021","검거","합계","강도",합계,송파구,6
"2021","검거","합계","강도",합계,강동구,6
"2021","검거","합계","강간·강제추행",합계,종로구,757
"2021","검거","합계","강간·강제추행",합계,중구,97
"2021","검거","합계","강간·강제추행",합계,용산구,103
"2021","검거","합계","강간·강제추행",합계,성동구,82
"2021","검거","합계","강간·강제추행",합계,광진구,161
"2021","검거","합계","강간·강제추행",합계,동대문구,147
"2021","검거","합계","강간·강제추행",합계,중랑구,117
"2021","검거","합계","강간·강제추행",합계,성북구,88
"2021","검거","합계","강간·강제추행",합계,강북구,115
"2021","검거","합계","강간·강제추행",합계,도봉구,64
"2021","검거","합계","강간·강제추행",합계,노원구,126
"2021","검거","합계","강간·강제추행",합계,은평구,133
"2021","검거","합계","강간·강제추행",합계,서대문구,120
"2021","검거","합계","강간·강제추행",합계,마포구,275
"2021","검거","합계","강간·강제추행",합계,양천구,92
"2021","검거","합계","강간·강제추행",합계,강서구,188
"2021","검거","합계","강간·강제추행",합계,구로구,118
"2021","검거","합계","강간·강제추행",합계,금천구,103
"2021","검거","합계","강간·강제추행",합계,영등포구,196
"2021","검거","합계","강간·강제추행",합계,동작구,94
"2021","검거","합계","강간·강제추행",합계,관악구,269
"2021","검거","합계","강간·강제추행",합계,서초구,228
"2021","검거","합계","강간·강제추행",합계,강남구,454
"2021","검거","합계","강간·강제추행",합계,송파구,216
"2021","검거","합계","강간·강제추행",합계,강동구,103
"2021","검거","합계","절도",합계,종로구,743
"2021","검거","합계","절도",합계,중구,739
"2021","검거","합계","절도",합계,용산구,484
"2021","검거","합계","절도",합계,성동구,497
"2021","검거","합계","절도",합계,광진구,754
"2021","검거","합계","절도",합계,동대문구,659
"2021","검거","합계","절도",합계,중랑구,835
"2021","검거","합계","절도",합계,성북구,474
"2021","검거","합계","절도",합계,강북구,537
"2021","검거","합계","절도",합계,도봉구,376
"2021","검거","합계","절도",합계,노원구,654
"2021","검거","합계","절도",합계,은평구,825
"2021","검거","합계","절도",합계,서대문구,562
"2021","검거","합계","절도",합계,마포구,730
"2021","검거","합계","절도",합계,양천구,700
"2021","검거","합계","절도",합계,강서구,921
"2021","검거","합계","절도",합계,구로구,770
"2021","검거","합계","절도",합계,금천구,520
"2021","검거","합계","절도",합계,영등포구,831
"2021","검거","합계","절도",합계,동작구,675
"2021","검거","합계","절도",합계,관악구,929
"2021","검거","합계","절도",합계,서초구,691
"2021","검거","합계","절도",합계,강남구,1160
"2021","검거","합계","절도",합계,송파구,995
"2021","검거","합계","절도",합계,강동구,889
"2021","검거","합계","폭력",합계,종로구,1248
"2021","검거","합계","폭력",합계,중구,1224
"2021","검거","합계","폭력",합계,용산구,1069
"2021","검거","합계","폭력",합계,성동구,926
"2021","검거","합계","폭력",합계,광진구,1280
"2021","검거","합계","폭력",합계,동대문구,1295
"2021","검거","합계","폭력",합계,중랑구,1442
"2021","검거","합계","폭력",합계,성북구,1220
"2021","검거","합계","폭력",합계,강북구,1255
"2021","검거","합계","폭력",합계,도봉구,851
"2021","검거","합계","폭력",합계,노원구,1513
"2021","검거","합계","폭력",합계,은평구,1457
"2021","검거","합계","폭력",합계,서대문구,907
"2021","검거","합계","폭력",합계,마포구,1367
"2021","검거","합계","폭력",합계,양천구,1289
"2021","검거","합계","폭력",합계,강서구,1925
"2021","검거","합계","폭력",합계,구로구,1537
"2021","검거","합계","폭력",합계,금천구,1108
"2021","검거","합계","폭력",합계,영등포구,1731
"2021","검거","합계","폭력",합계,동작구,1056
"2021","검거","합계","폭력",합계,관악구,1926
"2021","검거","합계","폭력",합계,서초구,1506
"2021","검거","합계","폭력",합계,강남구,2749
"2021","검거","합계","폭력",합계,송파구,2046
"2021","검거","합계","폭력",합계,강동구,1461
"2022","발생","합계","살인",합계,종로구,2
"2022","발생","합계","살인",합계,중구,1
"2022","발생","합계","살인",합계,용산구,5
"2022","발생","합계","살인",합계,성동구,2
"2022","발생","합계","살인",합계,광진구,6
"2022","발생","합계","살인",합계,동대문구,4
"2022","발생","합계","살인",합계,중랑구,2
"2022","발생","합계","살인",합계,성북구,3
"2022","발생","합계","살인",합계,강북구,5
"2022","발생","합계","살인",합계,도봉구,3
"2022","발생","합계","살인",합계,노원구,3
"2022","발생","합계","살인",합계,은평구,4
"2022","발생","합계","살인",합계,서대문구,5
"2022","발생","합계","살인",합계,마포구,2
"2022","발생","합계","살인",합계,양천구,2
"2022","발생","합계","살인",합계,강서구,3
"2022","발생","합계","살인",합계,구로구,11
"2022","발생","합계","살인",합계,금천구,2
"2022","발생","합계","살인",합계,영등포구,5
"2022","발생","합계","살인",합계,동작구,2
"2022","발생","합계","살인",합계,관악구,10
"2022","발생","합계","살인",합계,서초구,3
"2022","발생","합계","살인",합계,강남구,12
"2022","발생","합계","살인",합계,송파구,2
"2022","발생","합계","살인",합계,강동구,5
"2022","발생","합계","강도",합계,종로구,8
"2022","발생","합계","강도",합계,중구,5
"2022","발생","합계","강도",합계,용산구,7
"2022","발생","합계","강도",합계,성동구,2
"2022","발생","합계","강도",합계,광진구,-
"2022","발생","합계","강도",합계,동대문구,2
"2022","발생","합계","강도",합계,중랑구,2
"2022","발생","합계","강도",합계,성북구,1
"2022","발생","합계","강도",합계,강북구,5
"2022","발생","합계","강도",합계,도봉구,-
"2022","발생","합계","강도",합계,노원구,3
"2022","발생","합계","강도",합계,은평구,5
"2022","발생","합계","강도",합계,서대문구,6
"2022","발생","합계","강도",합계,마포구,2
"2022","발생","합계","강도",합계,양천구,3
"2022","발생","합계","강도",합계,강서구,7
"2022","발생","합계","강도",합계,구로구,8
"2022","발생","합계","강도",합계,금천구,3
"2022","발생","합계","강도",합계,영등포구,10
"2022","발생","합계","강도",합계,동작구,5
"2022","발생","합계","강도",합계,관악구,9
"2022","발생","합계","강도",합계,서초구,3
"2022","발생","합계","강도",합계,강남구,11
"2022","발생","합계","강도",합계,송파구,5
"2022","발생","합계","강도",합계,강동구,5
"2022","발생","합계","강간·강제추행",합계,종로구,228
"2022","발생","합계","강간·강제추행",합계,중구,194
"2022","발생","합계","강간·강제추행",합계,용산구,280
"2022","발생","합계","강간·강제추행",합계,성동구,125
"2022","발생","합계","강간·강제추행",합계,광진구,230
"2022","발생","합계","강간·강제추행",합계,동대문구,125
"2022","발생","합계","강간·강제추행",합계,중랑구,150
"2022","발생","합계","강간·강제추행",합계,성북구,158
"2022","발생","합계","강간·강제추행",합계,강북구,177
"2022","발생","합계","강간·강제추행",합계,도봉구,70
"2022","발생","합계","강간·강제추행",합계,노원구,180
"2022","발생","합계","강간·강제추행",합계,은평구,176
"2022","발생","합계","강간·강제추행",합계,서대문구,157
"2022","발생","합계","강간·강제추행",합계,마포구,436
"2022","발생","합계","강간·강제추행",합계,양천구,114
"2022","발생","합계","강간·강제추행",합계,강서구,261
"2022","발생","합계","강간·강제추행",합계,구로구,217
"2022","발생","합계","강간·강제추행",합계,금천구,127
"2022","발생","합계","강간·강제추행",합계,영등포구,327
"2022","발생","합계","강간·강제추행",합계,동작구,212
"2022","발생","합계","강간·강제추행",합계,관악구,327
"2022","발생","합계","강간·강제추행",합계,서초구,431
"2022","발생","합계","강간·강제추행",합계,강남구,667
"2022","발생","합계","강간·강제추행",합계,송파구,290
"2022","발생","합계","강간·강제추행",합계,강동구,157
"2022","발생","합계","절도",합계,종로구,1313
"2022","발생","합계","절도",합계,중구,1365
"2022","발생","합계","절도",합계,용산구,978
"2022","발생","합계","절도",합계,성동구,979
"2022","발생","합계","절도",합계,광진구,1670
"2022","발생","합계","절도",합계,동대문구,1556
"2022","발생","합계","절도",합계,중랑구,1508
"2022","발생","합계","절도",합계,성북구,1143
"2022","발생","합계","절도",합계,강북구,872
"2022","발생","합계","절도",합계,도봉구,969
"2022","발생","합계","절도",합계,노원구,1504
"2022","발생","합계","절도",합계,은평구,1497
"2022","발생","합계","절도",합계,서대문구,1114
"2022","발생","합계","절도",합계,마포구,1451
"2022","발생","합계","절도",합계,양천구,1474
"2022","발생","합계","절도",합계,강서구,1991
"2022","발생","합계","절도",합계,구로구,1565
"2022","발생","합계","절도",합계,금천구,1118
"2022","발생","합계","절도",합계,영등포구,2062
"2022","발생","합계","절도",합계,동작구,1195
"2022","발생","합계","절도",합계,관악구,1966
"2022","발생","합계","절도",합계,서초구,1921
"2022","발생","합계","절도",합계,강남구,2495
"2022","발생","합계","절도",합계,송파구,2201
"2022","발생","합계","절도",합계,강동구,1672
"2022","발생","합계","폭력",합계,종로구,1587
"2022","발생","합계","폭력",합계,중구,1506
"2022","발생","합계","폭력",합계,용산구,1697
"2022","발생","합계","폭력",합계,성동구,1086
"2022","발생","합계","폭력",합계,광진구,1713
"2022","발생","합계","폭력",합계,동대문구,1566
"2022","발생","합계","폭력",합계,중랑구,1937
"2022","발생","합계","폭력",합계,성북구,1444
"2022","발생","합계","폭력",합계,강북구,1773
"2022","발생","합계","폭력",합계,도봉구,1099
"2022","발생","합계","폭력",합계,노원구,2206
"2022","발생","합계","폭력",합계,은평구,1805
"2022","발생","합계","폭력",합계,서대문구,1092
"2022","발생","합계","폭력",합계,마포구,2205
"2022","발생","합계","폭력",합계,양천구,1576
"2022","발생","합계","폭력",합계,강서구,2401
"2022","발생","합계","폭력",합계,구로구,2056
"2022","발생","합계","폭력",합계,금천구,1327
"2022","발생","합계","폭력",합계,영등포구,2415
"2022","발생","합계","폭력",합계,동작구,1321
"2022","발생","합계","폭력",합계,관악구,2567
"2022","발생","합계","폭력",합계,서초구,2101
"2022","발생","합계","폭력",합계,강남구,3762
"2022","발생","합계","폭력",합계,송파구,2669
"2022","발생","합계","폭력",합계,강동구,1872
"2022","검거","합계","살인",합계,종로구,3
"2022","검거","합계","살인",합계,중구,2
"2022","검거","합계","살인",합계,용산구,3
"2022","검거","합계","살인",합계,성동구,2
"2022","검거","합계","살인",합계,광진구,5
"2022","검거","합계","살인",합계,동대문구,4
"2022","검거","합계","살인",합계,중랑구,2
"2022","검거","합계","살인",합계,성북구,3
"2022","검거","합계","살인",합계,강북구,4
"2022","검거","합계","살인",합계,도봉구,3
"2022","검거","합계","살인",합계,노원구,3
"2022","검거","합계","살인",합계,은평구,4
"2022","검거","합계","살인",합계,서대문구,4
"2022","검거","합계","살인",합계,마포구,2
"2022","검거","합계","살인",합계,양천구,2
"2022","검거","합계","살인",합계,강서구,3
"2022","검거","합계","살인",합계,구로구,11
"2022","검거","합계","살인",합계,금천구,1
"2022","검거","합계","살인",합계,영등포구,6
"2022","검거","합계","살인",합계,동작구,3
"2022","검거","합계","살인",합계,관악구,8
"2022","검거","합계","살인",합계,서초구,2
"2022","검거","합계","살인",합계,강남구,10
"2022","검거","합계","살인",합계,송파구,2
"2022","검거","합계","살인",합계,강동구,6
"2022","검거","합계","강도",합계,종로구,8
"2022","검거","합계","강도",합계,중구,4
"2022","검거","합계","강도",합계,용산구,7
"2022","검거","합계","강도",합계,성동구,2
"2022","검거","합계","강도",합계,광진구,-
"2022","검거","합계","강도",합계,동대문구,2
"2022","검거","합계","강도",합계,중랑구,2
"2022","검거","합계","강도",합계,성북구,1
"2022","검거","합계","강도",합계,강북구,6
"2022","검거","합계","강도",합계,도봉구,-
"2022","검거","합계","강도",합계,노원구,1
"2022","검거","합계","강도",합계,은평구,4
"2022","검거","합계","강도",합계,서대문구,6
"2022","검거","합계","강도",합계,마포구,1
"2022","검거","합계","강도",합계,양천구,3
"2022","검거","합계","강도",합계,강서구,7
"2022","검거","합계","강도",합계,구로구,9
"2022","검거","합계","강도",합계,금천구,3
"2022","검거","합계","강도",합계,영등포구,9
"2022","검거","합계","강도",합계,동작구,5
"2022","검거","합계","강도",합계,관악구,8
"2022","검거","합계","강도",합계,서초구,3
"2022","검거","합계","강도",합계,강남구,10
"2022","검거","합계","강도",합계,송파구,6
"2022","검거","합계","강도",합계,강동구,5
"2022","검거","합계","강간·강제추행",합계,종로구,988
"2022","검거","합계","강간·강제추행",합계,중구,123
"2022","검거","합계","강간·강제추행",합계,용산구,238
"2022","검거","합계","강간·강제추행",합계,성동구,97
"2022","검거","합계","강간·강제추행",합계,광진구,174
"2022","검거","합계","강간·강제추행",합계,동대문구,106
"2022","검거","합계","강간·강제추행",합계,중랑구,121
"2022","검거","합계","강간·강제추행",합계,성북구,129
"2022","검거","합계","강간·강제추행",합계,강북구,147
"2022","검거","합계","강간·강제추행",합계,도봉구,54
"2022","검거","합계","강간·강제추행",합계,노원구,151
"2022","검거","합계","강간·강제추행",합계,은평구,146
"2022","검거","합계","강간·강제추행",합계,서대문구,144
"2022","검거","합계","강간·강제추행",합계,마포구,368
"2022","검거","합계","강간·강제추행",합계,양천구,92
"2022","검거","합계","강간·강제추행",합계,강서구,195
"2022","검거","합계","강간·강제추행",합계,구로구,145
"2022","검거","합계","강간·강제추행",합계,금천구,87
"2022","검거","합계","강간·강제추행",합계,영등포구,237
"2022","검거","합계","강간·강제추행",합계,동작구,107
"2022","검거","합계","강간·강제추행",합계,관악구,279
"2022","검거","합계","강간·강제추행",합계,서초구,328
"2022","검거","합계","강간·강제추행",합계,강남구,534
"2022","검거","합계","강간·강제추행",합계,송파구,220
"2022","검거","합계","강간·강제추행",합계,강동구,134
"2022","검거","합계","절도",합계,종로구,932
"2022","검거","합계","절도",합계,중구,724
"2022","검거","합계","절도",합계,용산구,508
"2022","검거","합계","절도",합계,성동구,538
"2022","검거","합계","절도",합계,광진구,831
"2022","검거","합계","절도",합계,동대문구,823
"2022","검거","합계","절도",합계,중랑구,882
"2022","검거","합계","절도",합계,성북구,715
"2022","검거","합계","절도",합계,강북구,589
"2022","검거","합계","절도",합계,도봉구,546
"2022","검거","합계","절도",합계,노원구,729
"2022","검거","합계","절도",합계,은평구,946
"2022","검거","합계","절도",합계,서대문구,565
"2022","검거","합계","절도",합계,마포구,653
"2022","검거","합계","절도",합계,양천구,781
"2022","검거","합계","절도",합계,강서구,1185
"2022","검거","합계","절도",합계,구로구,841
"2022","검거","합계","절도",합계,금천구,662
"2022","검거","합계","절도",합계,영등포구,953
"2022","검거","합계","절도",합계,동작구,588
"2022","검거","합계","절도",합계,관악구,1050
"2022","검거","합계","절도",합계,서초구,1024
"2022","검거","합계","절도",합계,강남구,1207
"2022","검거","합계","절도",합계,송파구,1033
"2022","검거","합계","절도",합계,강동구,900
"2022","검거","합계","폭력",합계,종로구,1353
"2022","검거","합계","폭력",합계,중구,1266
"2022","검거","합계","폭력",합계,용산구,1337
"2022","검거","합계","폭력",합계,성동구,958
"2022","검거","합계","폭력",합계,광진구,1488
"2022","검거","합계","폭력",합계,동대문구,1296
"2022","검거","합계","폭력",합계,중랑구,1664
"2022","검거","합계","폭력",합계,성북구,1277
"2022","검거","합계","폭력",합계,강북구,1597
"2022","검거","합계","폭력",합계,도봉구,966
"2022","검거","합계","폭력",합계,노원구,1757
"2022","검거","합계","폭력",합계,은평구,1558
"2022","검거","합계","폭력",합계,서대문구,886
"2022","검거","합계","폭력",합계,마포구,1790
"2022","검거","합계","폭력",합계,양천구,1252
"2022","검거","합계","폭력",합계,강서구,2201
"2022","검거","합계","폭력",합계,구로구,1726
"2022","검거","합계","폭력",합계,금천구,1134
"2022","검거","합계","폭력",합계,영등포구,1981
"2022","검거","합계","폭력",합계,동작구,1038
"2022","검거","합계","폭력",합계,관악구,2066
"2022","검거","합계","폭력",합계,서초구,1741
"2022","검거","합계","폭력",합계,강남구,3259
"2022","검거","합계","폭력",합계,송파구,2148
"2022","검거","합계","폭력",합계,강동구,1599
